"Client Name","Negotiation No","Negotiation Type","Account Executive","Effective Date","Age","Negotiation Status","Email Age","Negotiator","Revisit Reminder Date","Property Name","City","State","Vendor Name"
"Winn Residential","N00001","Single Property - Multiple Haulers","","2021-04-25T17:10:58.827","9","Draft","1","","1900-01-01T00:00:00","Ansley at Hart Road; 3266","Albertville","AL","Vector"
"Sunrise Senior Living 1","N00002","Single Property - Multiple Haulers","","2021-04-17T15:11:04.443","9","Waiting for Approval","","Hal Partenheimer","","Columns Apartments","hyderabad","Telangana","Vector"
"Sunrise Senior Living 1","N00002","Single Property - Multiple Haulers","","2021-04-17T15:11:04.443","9","Waiting for Approval","","Stephanie Ezennia","","Columns Apartments","hyderabad","Telangana","Vector"
"Sunrise Senior Living 1","N00007","Mutiple Property - Single Hauler","","","8","Draft","","","","Columns Apartments,nheights ","hyderabad","Telangana","Vector"
"Sunrise Senior Living 1","N00008","Mutiple Property - Single Hauler","","","8","Draft","","","","Columns Apartments,nheights ","hyderabad","Telangana","Vector"
"Sunrise Senior Living 1","N00016","Single Property - Multiple Haulers","","","8","Draft","","","","Columns Apartments","hyderabad","Telangana","Vector"
"Sunrise Senior Living 1","N00017","Single Property - Multiple Haulers","","","8","Draft","","","","Columns Apartments","hyderabad","Telangana","Vector"
"Sunrise Senior Living 1","N00018","Single Property - Multiple Haulers","","","8","Draft","","","","Columns Apartments","hyderabad","Telangana","Vector"